SUBJECT_ID,true_label,true_class,TabPFN3_prob,LogReg_prob,RandomForest_prob,CART_prob,XGBoost_prob
0,1,OC,0.5339,0.2109,0.5539,1.0,0.6627
1,1,OC,0.9898,1.0,0.9002,0.9,0.8259
2,1,OC,0.0808,0.0877,0.1823,0.0716,0.2481
3,1,OC,0.9981,1.0,0.7802,1.0,0.8167
4,1,OC,0.9982,0.9981,0.7934,1.0,0.8193
5,1,OC,0.3077,0.4946,0.4495,0.6,0.3908
6,1,OC,0.977,0.8796,0.7686,1.0,0.8141
7,1,OC,0.9833,0.9549,0.7106,1.0,0.7395
8,1,OC,0.3763,0.9582,0.3591,0.675,0.4033
9,1,OC,0.103,0.0699,0.2212,0.1289,0.2205
10,1,OC,0.9455,0.9147,0.6942,1.0,0.7668
11,1,OC,0.924,0.9468,0.6826,1.0,0.7298
12,1,OC,0.9987,1.0,0.9345,1.0,0.835
13,1,OC,0.9843,0.9893,0.8043,1.0,0.8066
14,1,OC,0.9983,1.0,0.8825,1.0,0.8245
15,1,OC,0.9822,1.0,0.8451,0.6,0.776
16,1,OC,0.8331,0.9386,0.9024,1.0,0.8014
17,1,OC,0.9241,0.9377,0.599,0.3022,0.5452
18,1,OC,0.9707,0.5071,0.7908,1.0,0.766
19,1,OC,0.9987,0.899,0.7912,1.0,0.8311
20,1,OC,0.995,0.884,0.8385,1.0,0.8329
21,1,OC,0.1051,0.3109,0.3692,0.0621,0.338
22,1,OC,0.0531,0.0313,0.1864,0.1341,0.2088
23,1,OC,0.9904,0.8487,0.8449,0.2,0.7741
24,1,OC,0.0475,0.0343,0.2425,0.2677,0.43
25,1,OC,0.9851,0.6378,0.708,1.0,0.7473
26,1,OC,0.1255,0.1954,0.2152,0.0707,0.2575
27,1,OC,0.9679,0.9326,0.7772,1.0,0.7544
28,1,OC,0.996,0.9551,0.8059,1.0,0.8022
29,1,OC,0.9986,0.9929,0.9345,1.0,0.8326
30,1,OC,0.292,0.1168,0.4597,0.5219,0.3821
31,1,OC,0.9921,0.9834,0.8524,1.0,0.8211
32,1,OC,0.9933,0.9628,0.8441,1.0,0.8096
33,1,OC,0.9998,0.9999,0.8933,1.0,0.8376
34,1,OC,0.9651,0.8668,0.6293,1.0,0.5848
35,1,OC,0.282,0.1339,0.3884,1.0,0.4672
36,1,OC,0.9965,0.9971,0.7409,1.0,0.8245
37,1,OC,0.999,1.0,0.8025,1.0,0.8226
38,1,OC,0.9929,1.0,0.875,1.0,0.8221
39,1,OC,0.9876,0.9906,0.8119,1.0,0.7769
40,1,OC,0.998,0.8993,0.8795,1.0,0.8385
41,1,OC,0.9986,0.98,0.9023,1.0,0.8363
42,1,OC,0.9937,0.9695,0.8043,1.0,0.7753
43,1,OC,0.9973,0.9786,0.83,1.0,0.8295
44,1,OC,0.9952,1.0,0.8493,1.0,0.7998
45,1,OC,0.9798,0.9995,0.5911,1.0,0.5989
46,1,OC,0.9794,0.7841,0.7262,1.0,0.7986
47,1,OC,0.994,1.0,0.8382,1.0,0.8232
48,1,OC,0.6029,1.0,0.4273,0.9,0.4367
49,1,OC,0.995,0.9997,0.7393,1.0,0.816
50,1,OC,0.969,0.9998,0.7952,1.0,0.8026
51,1,OC,0.8286,0.8289,0.6963,0.9054,0.7088
52,1,OC,0.9225,0.8946,0.461,1.0,0.427
53,1,OC,0.058,0.0218,0.2086,0.1111,0.2267
54,1,OC,0.9998,1.0,0.86,1.0,0.8337
55,1,OC,0.9955,0.8794,0.8357,1.0,0.7922
56,1,OC,0.9911,0.9536,0.7639,1.0,0.7665
57,1,OC,0.9969,0.9201,0.8752,1.0,0.8381
58,1,OC,0.9996,1.0,0.9064,1.0,0.8331
59,1,OC,0.1843,0.3092,0.3449,0.3166,0.3964
60,1,OC,0.9397,0.6383,0.6217,0.9,0.6959
61,1,OC,0.9662,0.7518,0.7568,1.0,0.7683
62,1,OC,0.9984,1.0,0.7577,1.0,0.804
63,1,OC,0.9967,0.9568,0.8131,1.0,0.8312
64,1,OC,0.896,0.9649,0.488,0.5,0.5437
65,1,OC,0.9835,0.3658,0.6798,1.0,0.7138
66,1,OC,0.9835,0.9193,0.8741,1.0,0.8177
67,1,OC,0.9987,1.0,0.9336,1.0,0.8318
68,1,OC,0.91,0.967,0.6523,0.9,0.7
69,1,OC,0.9995,0.9888,0.8391,1.0,0.8169
70,1,OC,0.9982,0.8126,0.813,1.0,0.8314
71,1,OC,0.9995,1.0,0.9317,1.0,0.8391
72,1,OC,0.9896,0.8573,0.6688,1.0,0.777
73,1,OC,0.9968,0.9999,0.8112,1.0,0.8285
74,1,OC,0.9975,0.7969,0.7661,1.0,0.7809
75,1,OC,0.9915,0.5869,0.834,1.0,0.8246
76,1,OC,0.9964,0.9967,0.9164,0.4,0.8263
77,1,OC,0.9631,0.6829,0.6464,0.9,0.7662
78,1,OC,0.9927,0.9088,0.7811,0.8,0.7667
79,1,OC,0.8757,0.7715,0.7077,1.0,0.7822
80,1,OC,0.9783,1.0,0.8702,1.0,0.8282
81,1,OC,0.1827,0.619,0.3241,0.292,0.362
82,1,OC,0.1107,0.2704,0.2387,0.7084,0.2867
83,1,OC,0.0584,0.1292,0.2235,0.0705,0.2674
84,1,OC,0.9638,0.8987,0.8273,1.0,0.7717
85,1,OC,0.9789,0.8449,0.8491,1.0,0.8203
86,1,OC,0.9968,0.5063,0.6651,1.0,0.7937
87,1,OC,0.9992,0.9978,0.813,1.0,0.8263
88,1,OC,0.2103,0.7883,0.3379,0.0672,0.2845
89,1,OC,0.9948,0.9999,0.8141,1.0,0.8323
90,1,OC,0.9947,0.9994,0.7779,1.0,0.734
91,1,OC,0.9391,0.9146,0.6751,1.0,0.7132
92,1,OC,0.9828,0.6062,0.8711,1.0,0.7994
93,1,OC,0.8532,0.2602,0.5807,1.0,0.7482
94,1,OC,0.9936,0.9895,0.8278,1.0,0.826
95,1,OC,0.9924,0.9937,0.7523,1.0,0.7574
96,1,OC,0.1416,0.133,0.4948,1.0,0.6842
97,1,OC,0.9998,0.9992,0.8841,1.0,0.8164
98,1,OC,0.9969,0.992,0.7827,1.0,0.8256
99,1,OC,0.9973,0.9928,0.7109,1.0,0.7582
100,1,OC,0.9976,1.0,0.9104,1.0,0.832
101,1,OC,0.8829,0.6209,0.6371,0.0567,0.4623
102,1,OC,0.9997,1.0,0.9396,1.0,0.8377
103,1,OC,0.0639,0.051,0.2404,0.0614,0.2729
104,1,OC,0.4662,0.3679,0.3817,0.2327,0.4562
105,1,OC,0.9984,0.8928,0.8516,1.0,0.8322
106,1,OC,0.9981,0.9128,0.7334,0.9,0.7384
107,1,OC,0.91,0.7578,0.7763,1.0,0.7513
108,1,OC,0.9862,0.99,0.7768,0.3345,0.6067
109,1,OC,0.9936,0.9988,0.7793,1.0,0.7387
110,1,OC,0.2267,0.312,0.3214,0.2785,0.3905
111,1,OC,0.9964,0.9408,0.8764,1.0,0.8355
112,1,OC,0.059,0.1322,0.2015,0.0721,0.2628
113,1,OC,0.998,0.9888,0.8142,1.0,0.8011
114,1,OC,0.9988,0.8783,0.8954,1.0,0.8292
115,1,OC,0.9963,0.8461,0.8569,1.0,0.831
116,1,OC,0.8953,0.9226,0.6445,0.5,0.5565
117,1,OC,0.8161,0.3288,0.6191,1.0,0.7381
118,1,OC,0.541,0.4444,0.5265,0.0719,0.4151
119,1,OC,0.2352,0.282,0.3036,0.2607,0.2951
120,1,OC,0.0501,0.4935,0.2486,0.0618,0.2239
121,1,OC,0.9983,0.9751,0.8805,1.0,0.8272
122,1,OC,0.6526,0.9111,0.6003,0.6,0.5185
123,1,OC,0.4044,0.7524,0.471,0.068,0.2714
124,1,OC,0.9989,0.9277,0.8067,1.0,0.8095
125,1,OC,0.9775,0.6782,0.7474,1.0,0.7971
126,1,OC,0.1886,0.1647,0.3407,0.0606,0.2992
127,1,OC,0.9785,0.0909,0.8195,1.0,0.8112
128,1,OC,0.1995,0.3792,0.3724,0.53,0.4353
129,1,OC,0.9781,1.0,0.7072,1.0,0.8098
130,1,OC,0.9983,1.0,0.8724,1.0,0.8295
131,1,OC,0.5212,0.928,0.511,0.2513,0.3414
132,1,OC,0.7088,0.9102,0.5403,1.0,0.4634
133,1,OC,0.9939,0.743,0.7923,1.0,0.8232
134,1,OC,0.6305,0.578,0.386,0.8,0.5009
135,1,OC,0.9937,0.9774,0.9079,1.0,0.8223
136,1,OC,0.6915,0.5716,0.5096,0.0662,0.3874
137,1,OC,0.986,0.7543,0.8085,0.7,0.796
138,1,OC,0.9678,0.9591,0.878,1.0,0.8206
139,1,OC,0.1534,0.1553,0.2348,0.0749,0.2801
140,1,OC,0.9759,0.982,0.6593,0.1718,0.5243
141,1,OC,0.9993,0.9998,0.8984,1.0,0.8351
142,1,OC,0.9967,0.99,0.8149,1.0,0.8273
143,1,OC,0.9966,1.0,0.8903,0.6,0.8245
144,1,OC,0.9984,0.9999,0.8791,1.0,0.7647
145,1,OC,0.0445,0.2226,0.192,0.0669,0.2172
146,0,BOT,0.0408,0.0226,0.1723,0.0744,0.2211
147,0,BOT,0.106,0.1149,0.2743,0.0798,0.3361
148,0,BOT,0.0713,0.0064,0.1515,0.1667,0.2184
149,0,BOT,0.1758,0.3822,0.4243,0.0725,0.379
150,0,BOT,0.0914,0.1171,0.2696,0.0795,0.279
151,0,BOT,0.2646,0.7556,0.3674,0.0718,0.2741
152,0,BOT,0.0543,0.1147,0.2066,0.0618,0.2133
153,0,BOT,0.0509,0.0961,0.2313,0.0695,0.2349
154,0,BOT,0.1295,0.3985,0.333,0.0751,0.3505
155,0,BOT,0.1255,0.1326,0.2271,0.0699,0.265
156,0,BOT,0.0979,0.2422,0.2573,0.0642,0.2924
157,0,BOT,0.4601,0.5323,0.4292,0.0707,0.4482
158,0,BOT,0.0474,0.0192,0.2785,0.0925,0.2867
159,0,BOT,0.0513,0.0284,0.1651,0.0664,0.2198
160,0,BOT,0.1824,0.3455,0.3116,0.0935,0.2913
161,0,BOT,0.5858,0.7422,0.6798,1.0,0.7089
162,0,BOT,0.0943,0.0859,0.2433,0.182,0.2303
163,0,BOT,0.0582,0.0134,0.1679,0.1806,0.239
164,0,BOT,0.0454,0.0322,0.1932,0.0737,0.231
165,0,BOT,0.2043,0.5671,0.3151,0.0657,0.3231
166,0,BOT,0.0932,0.0387,0.2006,0.0718,0.2955
167,0,BOT,0.0665,0.1929,0.2356,0.1149,0.2314
168,0,BOT,0.2133,0.6846,0.3824,0.171,0.2904
169,0,BOT,0.1066,0.2348,0.2777,0.1657,0.2499
170,0,BOT,0.0981,0.0902,0.2422,0.3197,0.2805
171,0,BOT,0.1364,0.503,0.2833,0.1589,0.299
172,0,BOT,0.1258,0.0609,0.2145,0.0702,0.2756
173,0,BOT,0.1221,0.0455,0.2813,0.063,0.2695
174,0,BOT,0.1363,0.0934,0.1867,0.0702,0.2238
175,0,BOT,0.0702,0.0191,0.2437,0.0746,0.2364
176,0,BOT,0.2042,0.1633,0.3466,0.239,0.3611
177,0,BOT,0.1416,0.1817,0.3914,0.072,0.3134
178,0,BOT,0.6506,0.2835,0.4038,1.0,0.437
179,0,BOT,0.1328,0.3302,0.2824,0.0629,0.239
180,0,BOT,0.1286,0.0778,0.2573,0.0751,0.2763
181,0,BOT,0.118,0.0454,0.2237,0.0698,0.2723
182,0,BOT,0.1372,0.2611,0.3307,0.1062,0.3221
183,0,BOT,0.0541,0.1279,0.1986,0.066,0.2413
184,0,BOT,0.1809,0.3,0.294,0.0794,0.3254
185,0,BOT,0.6243,0.616,0.524,0.4837,0.4185
186,0,BOT,0.1912,0.5547,0.4055,0.0765,0.3024
187,0,BOT,0.3263,0.37,0.4,0.5291,0.4079
188,0,BOT,0.0878,0.091,0.2259,0.1858,0.2457
189,0,BOT,0.1718,0.0418,0.2194,0.311,0.2396
190,0,BOT,0.0822,0.2127,0.2624,0.0762,0.2654
191,0,BOT,0.5266,0.5632,0.4925,0.3838,0.5277
192,0,BOT,0.0584,0.2235,0.2649,0.0662,0.237
193,0,BOT,0.0327,0.0244,0.1739,0.0669,0.2138
194,0,BOT,0.075,0.1586,0.2839,0.0986,0.2297
195,0,BOT,0.0707,0.0449,0.182,0.0802,0.221
196,0,BOT,0.1864,0.0665,0.1795,0.7219,0.2345
197,0,BOT,0.1095,0.2076,0.2772,0.1585,0.3065
198,0,BOT,0.5323,0.7257,0.5396,1.0,0.4647
199,0,BOT,0.4212,0.3794,0.3316,0.9064,0.4405
200,0,BOT,0.0403,0.0103,0.1595,0.075,0.2181
201,0,BOT,0.1303,0.2747,0.2333,0.0671,0.2372
202,0,BOT,0.1427,0.3864,0.2771,0.0668,0.2522
203,0,BOT,0.1912,0.109,0.3004,0.0745,0.2757
204,0,BOT,0.1866,0.1205,0.3555,0.1684,0.3017
205,0,BOT,0.1053,0.4113,0.3167,0.0714,0.2978
206,0,BOT,0.1578,0.2621,0.3988,0.1356,0.266
207,0,BOT,0.2333,0.4645,0.338,0.0747,0.3226
208,0,BOT,0.0516,0.0196,0.1729,0.0773,0.2201
209,0,BOT,0.334,0.6772,0.4362,0.1317,0.3752
210,0,BOT,0.2149,0.2362,0.3105,0.0909,0.3252
211,0,BOT,0.223,0.6568,0.3337,0.0674,0.273
212,0,BOT,0.1071,0.0374,0.3864,0.0958,0.3126
213,0,BOT,0.4774,0.7466,0.2572,0.3532,0.25
214,0,BOT,0.1535,0.1237,0.2271,0.0789,0.3022
215,0,BOT,0.0655,0.0931,0.2258,0.074,0.2509
216,0,BOT,0.2534,0.4797,0.4732,0.068,0.3985
217,0,BOT,0.1362,0.0205,0.3044,0.6472,0.3597
218,0,BOT,0.1993,0.5382,0.33,0.0638,0.3247
219,0,BOT,0.1146,0.1234,0.2045,0.0677,0.2376
220,0,BOT,0.0781,0.0463,0.2607,0.0956,0.2894
221,0,BOT,0.1958,0.2101,0.3537,0.0659,0.3529
222,0,BOT,0.0796,0.0968,0.2439,0.1873,0.26
223,0,BOT,0.3674,0.1853,0.5282,0.9,0.5871
224,0,BOT,0.038,0.0248,0.2351,0.0685,0.2484
225,0,BOT,0.0669,0.0971,0.1896,0.0795,0.2281
226,0,BOT,0.1682,0.2807,0.3636,0.1578,0.4233
227,0,BOT,0.0511,0.0958,0.2094,0.0648,0.2365
228,0,BOT,0.1821,0.1157,0.2343,0.3451,0.2533
229,0,BOT,0.0684,0.0497,0.1772,0.0697,0.2335
230,0,BOT,0.1849,0.2712,0.2679,0.7167,0.3785
231,0,BOT,0.0722,0.0738,0.2369,0.0785,0.2304
232,0,BOT,0.1249,0.2771,0.3227,0.0669,0.2429
233,0,BOT,0.3804,0.1981,0.3868,0.4257,0.4511
234,0,BOT,0.0944,0.0746,0.3049,0.0738,0.2801
235,1,OC,0.9991,1.0,0.8967,1.0,0.834
236,1,OC,0.9347,0.6792,0.7541,1.0,0.7873
237,1,OC,0.9978,0.8492,0.825,1.0,0.8268
238,1,OC,0.6954,0.3508,0.6151,1.0,0.7311
239,1,OC,0.9988,0.9763,0.8824,0.9,0.7876
240,1,OC,0.9879,0.5618,0.7653,1.0,0.825
241,1,OC,0.9309,0.9916,0.5828,1.0,0.5786
242,1,OC,0.9978,0.6727,0.8013,1.0,0.8131
243,1,OC,0.9937,0.9991,0.8803,1.0,0.8179
244,1,OC,0.9281,0.9981,0.7115,0.9944,0.6927
245,1,OC,0.9994,1.0,0.9303,1.0,0.84
246,1,OC,0.9985,0.9989,0.8407,1.0,0.8368
247,1,OC,0.9995,0.9899,0.8202,1.0,0.8359
248,1,OC,0.7469,0.1551,0.7446,0.9071,0.7442
249,1,OC,0.9843,0.5372,0.6656,1.0,0.7299
250,1,OC,0.9945,0.993,0.7702,1.0,0.8178
251,1,OC,0.9068,0.9913,0.6955,0.9054,0.6877
252,1,OC,0.9949,1.0,0.8883,1.0,0.8318
253,1,OC,0.9751,0.1371,0.7201,1.0,0.8122
254,1,OC,0.9905,0.9995,0.8916,0.9,0.8256
255,1,OC,0.9994,0.9925,0.8265,1.0,0.8246
256,1,OC,0.8655,0.7923,0.8075,0.7,0.7644
257,1,OC,0.9998,1.0,0.9274,1.0,0.8389
258,1,OC,0.9914,1.0,0.719,1.0,0.8078
259,1,OC,0.9994,1.0,0.857,1.0,0.8322
260,0,BOT,0.1449,0.2087,0.1949,0.064,0.2427
261,0,BOT,0.122,0.004,0.3084,0.16,0.2684
262,0,BOT,0.3171,0.2966,0.5279,1.0,0.5904
263,0,BOT,0.224,0.826,0.3994,0.4,0.4404
264,0,BOT,0.0463,0.02,0.2028,0.0679,0.2222
265,0,BOT,0.0357,0.1543,0.1866,0.0726,0.2263
266,0,BOT,0.0841,0.4634,0.3092,0.0645,0.2446
267,0,BOT,0.4016,0.3128,0.4076,0.8164,0.4168
268,0,BOT,0.0451,0.0484,0.3073,0.0635,0.2438
269,0,BOT,0.0701,0.0147,0.1989,0.0627,0.2443
270,0,BOT,0.0749,0.2695,0.3417,0.0728,0.2758
271,0,BOT,0.0902,0.2669,0.2241,0.0742,0.2414
272,0,BOT,0.0928,0.2859,0.2958,0.0692,0.2501
273,0,BOT,0.0508,0.0764,0.2162,0.0665,0.237
274,0,BOT,0.0411,0.0625,0.1807,0.0666,0.2172
275,0,BOT,0.0254,0.0262,0.1461,0.0737,0.2127
276,0,BOT,0.1122,0.2005,0.2833,0.0683,0.2589
277,0,BOT,0.3966,0.3128,0.372,0.0753,0.3024
278,0,BOT,0.0255,0.0328,0.1566,0.0694,0.2105
279,0,BOT,0.0939,0.1052,0.2944,0.0684,0.2667
280,0,BOT,0.0339,0.0078,0.1582,0.0707,0.212
281,0,BOT,0.0898,0.0805,0.2116,0.075,0.2282
282,0,BOT,0.0328,0.0056,0.1767,0.1079,0.2192
283,0,BOT,0.0359,0.0462,0.1892,0.0706,0.22
284,0,BOT,0.0464,0.0591,0.1606,0.0651,0.2097
285,0,BOT,0.2436,0.7461,0.4174,0.3487,0.3985
286,0,BOT,0.0798,0.0532,0.2606,0.0782,0.3019
287,0,BOT,0.0546,0.0176,0.1569,0.0518,0.2187
288,0,BOT,0.0638,0.0405,0.1636,0.0729,0.2207
289,0,BOT,0.0759,0.1433,0.246,0.3793,0.248
290,0,BOT,0.2108,0.0776,0.3154,0.0782,0.3189
291,0,BOT,0.3582,0.0407,0.4468,0.0731,0.3331
292,0,BOT,0.0363,0.0867,0.1839,0.0751,0.2274
293,0,BOT,0.2511,0.8786,0.3927,0.0665,0.3196
294,0,BOT,0.2553,0.667,0.418,0.3514,0.3338
295,0,BOT,0.2233,0.243,0.3451,0.8146,0.4085
296,0,BOT,0.0376,0.0375,0.2709,0.0739,0.2718
297,0,BOT,0.0373,0.0182,0.1615,0.0689,0.2174
298,0,BOT,0.0422,0.2502,0.2061,0.0696,0.2308
299,0,BOT,0.1111,0.1656,0.2876,0.3476,0.2562
300,0,BOT,0.036,0.014,0.1571,0.0617,0.2183
301,0,BOT,0.0608,0.011,0.1886,0.2121,0.2347
302,0,BOT,0.1204,0.0346,0.2369,0.0676,0.2586
303,0,BOT,0.149,0.1811,0.2141,0.0773,0.2625
304,0,BOT,0.9956,0.9915,0.8426,0.4,0.8054
305,0,BOT,0.1241,0.5271,0.281,0.9065,0.3454
306,0,BOT,0.0296,0.0366,0.1515,0.0749,0.2142
307,0,BOT,0.2024,0.3825,0.2767,0.0721,0.2461
308,0,BOT,0.1589,0.2368,0.2813,0.0687,0.2482
309,0,BOT,0.048,0.1105,0.2584,0.0738,0.2698
310,0,BOT,0.1058,0.1298,0.252,0.7286,0.3433
311,0,BOT,0.3233,0.8947,0.3934,0.076,0.3338
312,0,BOT,0.0413,0.057,0.194,0.073,0.2193
313,0,BOT,0.2896,0.6639,0.4167,0.0651,0.3549
314,0,BOT,0.0704,0.0806,0.2334,0.0743,0.2506
315,0,BOT,0.0432,0.0369,0.1721,0.0695,0.2222
316,0,BOT,0.1441,0.3723,0.2042,0.0711,0.2601
317,0,BOT,0.0385,0.0902,0.2296,0.0724,0.2387
318,0,BOT,0.0709,0.2261,0.1603,0.0759,0.2166
319,0,BOT,0.0416,0.0268,0.1627,0.0707,0.2132
320,0,BOT,0.1369,0.3706,0.2128,0.8,0.3231
321,0,BOT,0.2303,0.1954,0.2012,0.0924,0.2209
322,0,BOT,0.1234,0.1707,0.3161,0.1606,0.3349
323,0,BOT,0.0309,0.0097,0.1739,0.0613,0.2209
324,0,BOT,0.1474,0.5012,0.3573,0.1121,0.292
325,0,BOT,0.0699,0.1049,0.2441,0.0663,0.241
326,0,BOT,0.0535,0.154,0.1967,0.0671,0.2299
327,0,BOT,0.0645,0.015,0.2178,0.0709,0.2692
328,0,BOT,0.0908,0.0257,0.259,0.0778,0.2222
329,0,BOT,0.1311,0.071,0.4052,0.2466,0.3536
330,0,BOT,0.0506,0.114,0.2294,0.0699,0.2284
331,0,BOT,0.0969,0.0572,0.2396,0.0716,0.2834
332,0,BOT,0.7715,0.1922,0.6139,0.4,0.7207
333,0,BOT,0.0668,0.0637,0.1561,0.0662,0.2197
334,0,BOT,0.0524,0.0435,0.1996,0.0717,0.2424
335,0,BOT,0.227,0.207,0.3317,0.0714,0.2542
336,0,BOT,0.1012,0.1476,0.3142,0.077,0.2406
337,0,BOT,0.0545,0.1144,0.197,0.0699,0.2496
338,0,BOT,0.3927,0.5783,0.4412,0.6191,0.4431
339,0,BOT,0.0507,0.0196,0.2121,0.0652,0.2168
340,0,BOT,0.239,0.0099,0.4503,0.7085,0.4442
341,0,BOT,0.0513,0.0697,0.1845,0.0644,0.2252
342,0,BOT,0.0966,0.0801,0.2379,0.0739,0.2354
343,0,BOT,0.0481,0.0083,0.1833,0.08,0.2201
344,0,BOT,0.0516,0.0521,0.2749,0.0753,0.2596
345,0,BOT,0.0768,0.1531,0.2773,0.069,0.2364
346,0,BOT,0.2821,0.4682,0.4282,0.0753,0.2576
347,0,BOT,0.0286,0.0052,0.2509,0.7876,0.2344
348,0,BOT,0.0285,0.0235,0.1778,0.064,0.2158
